transcription_factor,ensembl_id,ebi_complex_ac,uniprot_ac,PWM_id,SEM,SEM_baseline,cell_type,neg_log10_pval,chip_ENCODE_accession,dnase_ENCODE_accession,PWM_source
AHR,ENSG00000106546,,P35869,M00778,M00778.sem,-0.671761,HepG2,18.35095,ENCFF242PUG,ENCFF001UVU,TRANSFAC
AHR:ARNT:HIF1A,ENSG00000106546;ENSG00000143437;ENSG00000100644,,P35869;P27540;Q16665,M00976,M00976.sem,-0.593801,HepG2,14.29019,ENCFF242PUG,ENCFF001UVU,TRANSFAC
ARID3A,ENSG00000116017,,Q99856,MA0151.1,MA0151.1.sem,-0.402088,HepG2,2.980258,ENCFF460WFF,ENCFF001UVU,JASPAR
ARNT,ENSG00000143437,,P27540,ARNT_HUMAN.H11MO.0.B,ARNT_HUMAN.GM12878.sem,-1.863260376,GM12878,12.08116,ENCFF538DNI,ENCFF759OLD,HOCOMOCOv11
ARNTL,ENSG00000133794,,O00327,BMAL1_HUMAN.H11MO.0.A,BMAL1_HUMAN.HepG2.sem,-1.597719394,HepG2,20.22084,ENCFF363NHH,ENCFF897NME,HOCOMOCOv11
ATF1,ENSG00000123268,,P18846,ATF1_HUMAN.H11MO.0.B,ATF1_HUMAN.K562.sem,-2.971885535,K562,56.05668,ENCFF885JPB,ENCFF274YGF,HOCOMOCOv11
ATF2,ENSG00000115966,,P15336,ATF2_HUMAN.H11MO.0.B,ATF2_HUMAN.HepG2.sem,-1.418693009,HepG2,27.82121,ENCFF899JAX,ENCFF897NME,HOCOMOCOv11
ATF2:JUN,ENSG00000115966;ENSG00000177606,CPX-6420,P15336;P05412,M00041,M00041.sem,-3.684298,HepG2,8.241512,ENCFF927QKB,ENCFF001UVU,TRANSFAC
ATF3,ENSG00000162772,,P18847,ATF3_HUMAN.H11MO.0.A,ATF3_HUMAN.HepG2.sem,-2.158868739,HepG2,14.61853,ENCFF197JBM,ENCFF897NME,HOCOMOCOv11
ATF4,ENSG00000128272,,P18848,ATF4_HUMAN.H11MO.0.A,ATF4_HUMAN.HepG2.sem,-1.696317454,HepG2,14.15567,ENCFF886RBI,ENCFF897NME,HOCOMOCOv11
ATF4:CREB1,ENSG00000128272;ENSG00000118260,CPX-8,P18848;P16220,M00981,M00981.sem,-3.177711,HepG2,14.1561,ENCFF000PGP,ENCFF001UVU,TRANSFAC
ATF6,ENSG00000118217,,P18850,ATF6A_HUMAN.H11MO.0.B,ATF6A_HUMAN.HepG2.sem,-0.429861733,HepG2,6.178719,ENCFF460UZH,ENCFF897NME,HOCOMOCOv11
BACH1,ENSG00000156273,,O14867,BACH1_HUMAN.H11MO.0.A,BACH1_HUMAN.H1.sem,-1.642984247,H1,9.262741,ENCFF125QXS,ENCFF983UCL,HOCOMOCOv11
BACH2,ENSG00000112182,,Q9BYV9,BACH2_HUMAN.H11MO.0.A,BACH2_HUMAN.SK-N-SH.sem,-0.411402829,SK-N-SH,4.376306,ENCFF936MSK,ENCFF752OZB,HOCOMOCOv11
BATF,ENSG00000156127,,Q16520,BATF_HUMAN.H11MO.0.A,BATF_HUMAN.GM12878.sem,-1.786229016,GM12878,81.14528,ENCFF716MIY,ENCFF759OLD,HOCOMOCOv11
BCL11A,ENSG00000119866,,Q9H165,BC11A_HUMAN.H11MO.0.A,BC11A_HUMAN.GM12878.sem,-0.78024739,GM12878,12.80732,ENCFF197TWD,ENCFF759OLD,HOCOMOCOv11
BCL6,ENSG00000113916,,P41182,BCL6_HUMAN.H11MO.0.A,BCL6_HUMAN.HepG2.sem,-0.86715362,HepG2,7.791129,ENCFF223VEK,ENCFF897NME,HOCOMOCOv11
BHLHA15,ENSG00000180535,,Q7RTS1,BHA15_HUMAN.H11MO.0.B,BHA15_HUMAN.HepG2.sem,-0.309107989,HepG2,4.446173,ENCFF990LNT,ENCFF897NME,HOCOMOCOv11
BHLHE40,ENSG00000134107,,O14503,BHE40_HUMAN.H11MO.0.A,BHE40_HUMAN.GM12878.sem,-1.941232265,GM12878,62.88895,ENCFF325FDI,ENCFF759OLD,HOCOMOCOv11
CBFB,ENSG00000067955,,Q13951,PEBB_HUMAN.H11MO.0.C,PEBB_HUMAN.GM12878.sem,-0.902291844,GM12878,17.5218,ENCFF023CDP,ENCFF759OLD,HOCOMOCOv11
CEBPA,ENSG00000245848,,P49715,CEBPA_HUMAN.H11MO.0.A,CEBPA_HUMAN.HepG2.sem,-1.820524984,HepG2,73.27589,ENCFF381JQO,ENCFF897NME,HOCOMOCOv11
CEBPB,ENSG00000172216,,P17676,CEBPB_HUMAN.H11MO.0.A,CEBPB_HUMAN.K562.sem,-2.623451263,K562,53.86597,ENCFF434POQ,ENCFF274YGF,HOCOMOCOv11
CEBPD,ENSG00000221869,,P49716,CEBPD_HUMAN.H11MO.0.C,CEBPD_HUMAN.HepG2.sem,-1.90050244,HepG2,39.19465,ENCFF344JBB,ENCFF897NME,HOCOMOCOv11
CEBPG,ENSG00000153879,,P53567,CEBPG_HUMAN.H11MO.0.B,CEBPG_HUMAN.HepG2.sem,-1.963117269,HepG2,60.26471,ENCFF544WCT,ENCFF897NME,HOCOMOCOv11
CLOCK,ENSG00000134852,,O15516,CLOCK_HUMAN.H11MO.0.C,CLOCK_HUMAN.K562.sem,-1.625936435,K562,4.09526,ENCFF208ICL,ENCFF274YGF,HOCOMOCOv11
CREB1,ENSG00000118260,,P16220,CREB1_HUMAN.H11MO.0.A,CREB1_HUMAN.GM12878.sem,-2.527732553,GM12878,113.1867,ENCFF906KGM,ENCFF759OLD,HOCOMOCOv11
CREB3L1,ENSG00000157613,,Q96BA8,CREB3L1_3,CREB3L1_3.sem,-1.001427,K562,5.165668,ENCFF404YGN,ENCFF623AFX,JOLMA_2013
CREM,ENSG00000095794,,Q03060,CREM_HUMAN.H11MO.0.C,CREM_HUMAN.K562.sem,-2.679434885,K562,97.85014,ENCFF391MFB,ENCFF274YGF,HOCOMOCOv11
CTCF,ENSG00000102974,,P49711,CTCF_HUMAN.H11MO.0.A,CTCF_HUMAN.HepG2.sem,-1.660199251,HepG2,88.52492,ENCFF704QYE,ENCFF897NME,HOCOMOCOv11
CUX1,ENSG00000257923,,P39880,CUX1_HUMAN.H11MO.0.C,CUX1_HUMAN.K562.sem,-2.138310125,K562,26.85579,ENCFF425DBM,ENCFF274YGF,HOCOMOCOv11
DBP,ENSG00000105516,,Q10586,DBP_HUMAN.H11MO.0.B,DBP_HUMAN.HepG2.sem,-0.427586424,HepG2,7.908824,ENCFF938DXB,ENCFF897NME,HOCOMOCOv11
E2F1,ENSG00000101412,,Q01094,E2F1_HUMAN.H11MO.0.A,E2F1_HUMAN.MCF-7.sem,-1.444994394,MCF-7,40.32657,ENCFF076DGM,ENCFF835KCG,HOCOMOCOv11
E2F1:RB1:TFDP1,ENSG00000139687;ENSG00000101412;ENSG00000198176,CPX-155,P06400;Q01094;Q14186,M00740,M00740.sem,-0.843689,HeLa-S3,21.46386,ENCFF000XCY,ENCFF775GBM,TRANSFAC
E2F1:TFDP1,ENSG00000101412;ENSG00000198176,CPX-1971,Q01094;Q14186,M00736,M00736.sem,-1.051355,HeLa-S3,30.07383,ENCFF000XCY,ENCFF775GBM,TRANSFAC
E2F1:TFDP2,ENSG00000101412;ENSG00000114126,,Q01094;Q14188,M00737,M00737.sem,-0.940705,HeLa-S3,24.72088,ENCFF000XCY,ENCFF775GBM,TRANSFAC
E2F2,ENSG00000007968,,Q14209,E2F2_HUMAN.H11MO.0.B,E2F2_HUMAN.HepG2.sem,-0.697951861,HepG2,21.32985,ENCFF675FOH,ENCFF897NME,HOCOMOCOv11
E2F3,ENSG00000112242,,O00716,E2F3_HUMAN.H11MO.0.A,E2F3_HUMAN.K562.sem,-1.379387912,K562,13.46299,ENCFF483LYL,ENCFF274YGF,HOCOMOCOv11
E2F4,ENSG00000205250,,Q16254,E2F4_HUMAN.H11MO.0.A,E2F4_HUMAN.HepG2.sem,-2.020514379,HepG2,45.9349,ENCFF320SYO,ENCFF897NME,HOCOMOCOv11
E2F4:TFDP1,ENSG00000205250;ENSG00000198176,CPX-7641,Q16254;Q14186,M00738,M00738.sem,-1.103261,HeLa-S3,32.43328,ENCFF000XCY,ENCFF775GBM,TRANSFAC
E2F4:TFDP2,ENSG00000205250;ENSG00000114126,,Q16254;Q14188,M00739,M00739.sem,-1.008501,HeLa-S3,29.4725,ENCFF000XCY,ENCFF775GBM,TRANSFAC
E2F5,ENSG00000133740,,Q15329,E2F5_HUMAN.H11MO.0.B,E2F5_HUMAN.HepG2.sem,-1.316335183,HepG2,27.74639,ENCFF735TUO,ENCFF897NME,HOCOMOCOv11
E2F6,ENSG00000169016,,O75461,E2F6_HUMAN.H11MO.0.A,E2F6_HUMAN.K562.sem,-0.756491245,K562,16.13562,ENCFF646TMK,ENCFF274YGF,HOCOMOCOv11
E2F7,ENSG00000165891,,Q96AV8,E2F7_HUMAN.H11MO.0.B,E2F7_HUMAN.K562.sem,-3.550971122,K562,3.167105,ENCFF930IRA,ENCFF274YGF,HOCOMOCOv11
EBF1,ENSG00000164330,,Q9UH73,COE1_HUMAN.H11MO.0.A,COE1_HUMAN.GM12878.sem,-1.68825867,GM12878,44.21025,ENCFF810XRY,ENCFF759OLD,HOCOMOCOv11
EGR1,ENSG00000120738,,P18146,MA0162.1,MA0162.1.sem,-1.247879,K562,4.204536,ENCFF896IJF,ENCFF623AFX,JASPAR
ELF1,ENSG00000120690,,P32519,ELF1_HUMAN.H11MO.0.A,ELF1_HUMAN.HepG2.sem,-2.026536428,HepG2,46.58269,ENCFF129AGI,ENCFF897NME,HOCOMOCOv11
ELF2,ENSG00000109381,,Q15723,ELF2_HUMAN.H11MO.0.C,ELF2_HUMAN.K562.sem,-2.432525838,K562,7.669618,ENCFF263XFB,ENCFF274YGF,HOCOMOCOv11
ELF3,ENSG00000163435,,P78545,ELF3_HUMAN.H11MO.0.A,ELF3_HUMAN.HepG2.sem,-1.018045545,HepG2,28.89684,ENCFF573QDS,ENCFF897NME,HOCOMOCOv11
ELF4,ENSG00000102034,,Q99607,ELF4_1,ELF4_1.2.sem,-2.842844,K562,15.74026,ENCFF132IPA,ENCFF623AFX,JOLMA_2013
ELK1,ENSG00000126767,,P19419,ELK1_HUMAN.H11MO.0.B,ELK1_HUMAN.GM12878.sem,-1.646046994,GM12878,30.31147,ENCFF385JTY,ENCFF759OLD,HOCOMOCOv11
ELK4,ENSG00000158711,,P28324,MA0076.1,MA0076.1.sem,-1.81233,HeLa-S3,56.56771,ENCFF000XDZ,ENCFF775GBM,JASPAR
ESR1,ENSG00000091831,,P03372,ESR1_1,ESR1_T47D.sem,-1.40729,T47D,7.597329,ENCFF805AKL,ENCFF289OZJ,JOLMA_2013
ESRRA,ENSG00000173153,,P11474,ERR1_HUMAN.H11MO.0.A,ERR1_HUMAN.HepG2.sem,-0.69522516,HepG2,5.976071,ENCFF388SYH,ENCFF897NME,HOCOMOCOv11
ETS1,ENSG00000134954,,P14921,ETS1_HUMAN.H11MO.0.A,ETS1_HUMAN.GM12878.sem,-1.233918505,GM12878,23.30901,ENCFF686FAA,ENCFF759OLD,HOCOMOCOv11
ETV1,ENSG00000006468,,P50549,ETV1_HUMAN.H11MO.0.A,ETV1_HUMAN.K562.sem,-1.876668444,K562,17.2812,ENCFF652ZLV,ENCFF274YGF,HOCOMOCOv11
ETV4,ENSG00000175832,,P43268,ETV4_HUMAN.H11MO.0.B,ETV4_HUMAN.HepG2.sem,-1.556593713,HepG2,38.05205,ENCFF748QBK,ENCFF897NME,HOCOMOCOv11
ETV5,ENSG00000244405,,P41161,ETV5_HUMAN.H11MO.0.C,ETV5_HUMAN.HepG2.sem,-1.467251053,HepG2,51.62894,ENCFF051QUK,ENCFF897NME,HOCOMOCOv11
ETV6,ENSG00000139083,,P41212,ETV6_1,ETV6_1_K562.sem,-1.150182,K562,5.217558,ENCFF535TIU,ENCFF623AFX,JOLMA_2013
FEZF1,ENSG00000128610,,A0PJY2,FEZF1_HUMAN.H11MO.0.C,FEZF1_HUMAN.HEK293.sem,-1.208595877,HEK293,5.274786,ENCFF137IZJ,ENCFF285OXK,HOCOMOCOv11
FOS,ENSG00000170345,,P01100,MA0099.1,MA0099.1_GM12878.sem,-2.640694,GM12878,34.81748,ENCFF000VTD,ENCFF097LEF,JASPAR
FOSL1,ENSG00000175592,,P15407,FOSL1_HUMAN.H11MO.0.A,FOSL1_HUMAN.K562.sem,-2.22323572,K562,34.18532,ENCFF970NEI,ENCFF274YGF,HOCOMOCOv11
FOSL2,ENSG00000075426,,P15408,FOSL2_HUMAN.H11MO.0.A,FOSL2_HUMAN.HepG2.sem,-1.613858353,HepG2,39.75186,ENCFF680AIL,ENCFF897NME,HOCOMOCOv11
FOXA1,ENSG00000129514,,P55317,MA0148.1,MA0148.1_T47D.sem,-1.458146,T47D,30.459578,ENCFF845PAS,ENCFF289OZJ,JASPAR
FOXA2,ENSG00000125798,,Q9Y261,FOXA2_HUMAN.H11MO.0.A,FOXA2_HUMAN.liver.sem,-2.141581365,liver,18.70458,ENCFF037NAU,ENCFF933OGA,HOCOMOCOv11
FOXA3,ENSG00000170608,,P55318,FOXA3_HUMAN.H11MO.0.B,FOXA3_HUMAN.HepG2.sem,-0.95781568,HepG2,18.10791,ENCFF781OLA,ENCFF897NME,HOCOMOCOv11
FOXC1,ENSG00000054598,,Q12948,FOXC1_HUMAN.H11MO.0.C,FOXC1_HUMAN.HepG2.sem,-0.61934979,HepG2,15.17358,ENCFF279ZZH,ENCFF897NME,HOCOMOCOv11
FOXJ2,ENSG00000065970,,Q9P0K8,FOXJ2_3,FOXJ2_3.sem,-0.599783,K562,4.04237,ENCFF300PFA,ENCFF623AFX,JOLMA_2013
FOXJ3,ENSG00000198815,,Q9UPW0,FOXJ3_HUMAN.H11MO.0.A,FOXJ3_HUMAN.HepG2.sem,-0.635046874,HepG2,7.700753,ENCFF133RIG,ENCFF897NME,HOCOMOCOv11
FOXK1,ENSG00000164916,,P85037,FOXK1_HUMAN.H11MO.0.A,FOXK1_HUMAN.HepG2.sem,-0.852352819,HepG2,20.45112,ENCFF911YRM,ENCFF897NME,HOCOMOCOv11
FOXM1,ENSG00000111206,,Q08050,FOXM1_HUMAN.H11MO.0.A,FOXM1_HUMAN.K562.sem,-0.607567253,K562,7.409432,ENCFF921LSI,ENCFF274YGF,HOCOMOCOv11
FOXO1,ENSG00000150907,,Q12778,FOXO1_HUMAN.H11MO.0.A,FOXO1_HUMAN.HepG2.sem,-0.757800849,HepG2,11.80564,ENCFF672VQC,ENCFF897NME,HOCOMOCOv11
FOXP1,ENSG00000114861,,Q9H334,FOXP1_HUMAN.H11MO.0.A,FOXP1_HUMAN.WTC11.sem,-0.457428948,WTC11,8.681412,ENCFF125WCE,ENCFF854DSG,HOCOMOCOv11
FOXP2,ENSG00000128573,,O15409,FOXP2_HUMAN.H11MO.0.C,FOXP2_HUMAN.SK-N-MC.sem,-0.464565738,SK-N-MC,14.78063,ENCFF996PHG,ENCFF054KLI,HOCOMOCOv11
FOXQ1,ENSG00000164379,,Q9C009,FOXQ1_HUMAN.H11MO.0.C,FOXQ1_HUMAN.HepG2.sem,-0.766657681,HepG2,6.778745,ENCFF309HRS,ENCFF897NME,HOCOMOCOv11
GABPA,ENSG00000154727,,Q06546,GABPA_HUMAN.H11MO.0.A,GABPA_HUMAN.GM12878.sem,-2.396975944,GM12878,54.38613,ENCFF433TLK,ENCFF759OLD,HOCOMOCOv11
GATA1,ENSG00000102145,,P15976,M00347,M00347.sem,-2.227508,K562,21.62398,ENCFF568NXU,ENCFF623AFX,TRANSFAC
GATA2,ENSG00000179348,,P23769,M00348,M00348.sem,-2.015665,K562,22.7964,ENCFF543ZGZ,ENCFF623AFX,TRANSFAC
GATA3,ENSG00000107485,,P23771,MA0037.1,MA0037.1.sem,-0.620739,A549,6.335887,ENCFF000NAZ,ENCFF475BVB,JASPAR
GATA4,ENSG00000136574,,P43694,GATA4_HUMAN.H11MO.0.A,GATA4_HUMAN.HepG2.sem,-1.107238863,HepG2,7.321177,ENCFF206MPL,ENCFF897NME,HOCOMOCOv11
GFI1,ENSG00000162676,,Q99684,GFI1_HUMAN.H11MO.0.C,GFI1_HUMAN.HepG2.sem,-0.886512135,HepG2,4.392931,ENCFF560WOT,ENCFF897NME,HOCOMOCOv11
GFI1B,ENSG00000165702,,Q5VTD9,GFI1B_HUMAN.H11MO.0.A,GFI1B_HUMAN.HEK293.sem,-0.928950713,HEK293,4.548182,ENCFF037HOD,ENCFF285OXK,HOCOMOCOv11
GRHL2,ENSG00000083307,,Q6ISB3,GRHL2_HUMAN.H11MO.0.A,GRHL2_HUMAN.WTC11.sem,-0.501645801,WTC11,3.213559,ENCFF922BYR,ENCFF854DSG,HOCOMOCOv11
HINFP,ENSG00000172273,,Q9BQA5,HINFP_HUMAN.H11MO.0.C,HINFP_HUMAN.HepG2.sem,-0.821603207,HepG2,7.313444,ENCFF474WEH,ENCFF897NME,HOCOMOCOv11
HLF,ENSG00000108924,,Q16534,HLF_HUMAN.H11MO.0.C,HLF_HUMAN.HepG2.sem,-2.802113679,HepG2,100.6399,ENCFF188IGL,ENCFF897NME,HOCOMOCOv11
HLTF,ENSG00000071794,,Q14527,MA0109.1,MA0109.1.sem,-0.715607,K562,7.515136,ENCFF575TLN,ENCFF623AFX,JASPAR
HNF1A,ENSG00000135100,,P20823,HNF1A_HUMAN.H11MO.0.C,HNF1A_HUMAN.HepG2.sem,-1.701428715,HepG2,18.8131,ENCFF502ACF,ENCFF897NME,HOCOMOCOv11
HNF1B,ENSG00000275410,,P35680,HNF1B_HUMAN.H11MO.0.A,HNF1B_HUMAN.HepG2.sem,-1.066584975,HepG2,14.3822,ENCFF965HDD,ENCFF897NME,HOCOMOCOv11
HNF4A,ENSG00000101076,,P41235,HNF4A_HUMAN.H11MO.0.A,HNF4A_HUMAN.HepG2.sem,-1.249650836,HepG2,27.63212,ENCFF467SMI,ENCFF897NME,HOCOMOCOv11
HNF4A:NR2F2,ENSG00000101076;ENSG00000185551,,P41235;P24468,M00967,M00967.sem,-0.87245,HepG2,15.09071,ENCFF000XRS,ENCFF001UVU,TRANSFAC
HNF4G,ENSG00000164749,,Q14541,HNF4G_HUMAN.H11MO.0.B,HNF4G_HUMAN.HepG2.sem,-1.321913179,HepG2,20.58149,ENCFF035TZA,ENCFF897NME,HOCOMOCOv11
HOXA10,ENSG00000253293,,P31260,HXA10_HUMAN.H11MO.0.C,HXA10_HUMAN.HepG2.sem,-0.68007756,HepG2,14.62229,ENCFF627VPD,ENCFF897NME,HOCOMOCOv11
HOXA9,ENSG00000078399,,P31269,HXA9_HUMAN.H11MO.0.B,HXA9_HUMAN.HepG2.sem,-0.665388737,HepG2,5.666452,ENCFF550LST,ENCFF897NME,HOCOMOCOv11
HOXB7,ENSG00000260027,,P09629,HXB7_HUMAN.H11MO.0.C,HXB7_HUMAN.HEK293.sem,-0.46511843,HEK293,9.319501,ENCFF887BAN,ENCFF285OXK,HOCOMOCOv11
HSF1,ENSG00000185122,,Q00613,HSF1_HUMAN.H11MO.0.A,HSF1_HUMAN.GM12878.sem,-1.362973999,GM12878,7.492383,ENCFF627JOG,ENCFF759OLD,HOCOMOCOv11
HSF2,ENSG00000025156,,Q03933,HSF2_HUMAN.H11MO.0.A,HSF2_HUMAN.HepG2.sem,-1.773038506,HepG2,8.062778,ENCFF798USX,ENCFF897NME,HOCOMOCOv11
IKZF1,ENSG00000185811,,Q13422,IKZF1_HUMAN.H11MO.0.C,IKZF1_HUMAN.GM12878.sem,-0.398002564,GM12878,2.82045,ENCFF012ZPU,ENCFF759OLD,HOCOMOCOv11
IRF9,ENSG00000213928,,Q00978,IRF9_HUMAN.H11MO.0.C,IRF9_HUMAN.HepG2.sem,-0.533144862,HepG2,18.18868,ENCFF351RRJ,ENCFF897NME,HOCOMOCOv11
JUN,ENSG00000177606,,P05412,MA0099.2,MA0099.2_HeLa.sem,-0.933424,HeLa-S3,26.76055,ENCFF000XCD,ENCFF775GBM,JASPAR
JUNB,ENSG00000171223,,P17275,JUNB_HUMAN.H11MO.0.A,JUNB_HUMAN.GM12878.sem,-1.162863564,GM12878,23.57068,ENCFF965NQQ,ENCFF759OLD,HOCOMOCOv11
JUND,ENSG00000130522,,P17535,JUND_HUMAN.H11MO.0.A,JUND_HUMAN.K562.sem,-1.633938822,K562,40.00089,ENCFF896RLT,ENCFF274YGF,HOCOMOCOv11
KLF1,ENSG00000105610,,Q13351,KLF1_HUMAN.H11MO.0.A,KLF1_HUMAN.HEK293.sem,-0.900909627,HEK293,5.990125,ENCFF364FQL,ENCFF285OXK,HOCOMOCOv11
KLF12,ENSG00000118922,,Q9Y4X4,KLF12_HUMAN.H11MO.0.C,KLF12_HUMAN.HepG2.sem,-0.229970686,HepG2,3.45397,ENCFF208IQI,ENCFF897NME,HOCOMOCOv11
KLF14,ENSG00000266265,,Q8TD94,KLF14_1,KLF14_1.sem,-0.926733,HEK293,11.024,ENCFF368YRN,ENCFF910QHN,JOLMA_2013
KLF5,ENSG00000102554,,Q13887,KLF5_HUMAN.H11MO.0.A,KLF5_HUMAN.GM12878.sem,-1.720879318,GM12878,8.090739,ENCFF168RBB,ENCFF759OLD,HOCOMOCOv11
KLF7,ENSG00000118263,,O75840,Klf7_pwm_primary,Klf7_primary.sem,-0.908928,HEK293,8.324539,ENCFF826JIA,ENCFF910QHN,UNIPROBE
KLF8,ENSG00000102349,,O95600,KLF8_HUMAN.H11MO.0.C,KLF8_HUMAN.HEK293.sem,-0.585034575,HEK293,6.535508,ENCFF899RPV,ENCFF285OXK,HOCOMOCOv11
KLF9,ENSG00000119138,,Q13886,KLF9_HUMAN.H11MO.0.C,KLF9_HUMAN.HepG2.sem,-0.306360261,HepG2,5.901888,ENCFF822RNI,ENCFF897NME,HOCOMOCOv11
LEF1,ENSG00000138795,,Q9UJU2,LEF1_HUMAN.H11MO.0.A,LEF1_HUMAN.K562.sem,-1.004704866,K562,7.171034,ENCFF723UZM,ENCFF274YGF,HOCOMOCOv11
MAX,ENSG00000125952,,P61244,MAX_HUMAN.H11MO.0.A,MAX_HUMAN.HepG2.sem,-1.243255013,HepG2,44.44109,ENCFF486FEF,ENCFF897NME,HOCOMOCOv11
MAX:MYC,ENSG00000136997;ENSG00000125952,CPX-91,P01106;P61244,MA0059.1,MA0059.1.sem,-1.294366,HeLa-S3,33.99316,ENCFF928GRQ,ENCFF775GBM,JASPAR
MBD2,ENSG00000134046,,Q9UBB5,MBD2_HUMAN.H11MO.0.B,MBD2_HUMAN.MCF-7.sem,-0.690705334,MCF-7,10.34624,ENCFF517UQD,ENCFF835KCG,HOCOMOCOv11
MECOM,ENSG00000085276,,Q03112,EVI1_HUMAN.H11MO.0.B,EVI1_HUMAN.K562.sem,-1.04768234,K562,2.88397,ENCFF113JYQ,ENCFF274YGF,HOCOMOCOv11
MEF2A,ENSG00000068305,,Q02078,MEF2A_HUMAN.H11MO.0.A,MEF2A_HUMAN.GM12878.sem,-1.18240827,GM12878,22.16366,ENCFF497DHP,ENCFF759OLD,HOCOMOCOv11
MEF2B,ENSG00000213999,,Q02080,MEF2B_HUMAN.H11MO.0.A,MEF2B_HUMAN.HepG2.sem,-0.715427545,HepG2,19.73848,ENCFF999OHU,ENCFF897NME,HOCOMOCOv11
MEF2C,ENSG00000081189,,Q06413,MEF2C_HUMAN.H11MO.0.A,MEF2C_HUMAN.GM12878.sem,-1.381065544,GM12878,18.36408,ENCFF462AFJ,ENCFF759OLD,HOCOMOCOv11
MEF2D,ENSG00000116604,,Q14814,MEF2D_HUMAN.H11MO.0.A,MEF2D_HUMAN.K562.sem,-2.045982956,K562,6.428497,ENCFF461WJA,ENCFF274YGF,HOCOMOCOv11
MEIS1,ENSG00000143995,,O00470,MEIS1_HUMAN.H11MO.0.A,MEIS1_HUMAN.HepG2.sem,-0.536545372,HepG2,13.51944,ENCFF354HOO,ENCFF897NME,HOCOMOCOv11
MEIS2,ENSG00000134138,,O14770,MEIS2_HUMAN.H11MO.0.B,MEIS2_HUMAN.K562.sem,-2.123896552,K562,9.7486,ENCFF574RND,ENCFF274YGF,HOCOMOCOv11
MITF,ENSG00000187098,,O75030,MITF_HUMAN.H11MO.0.A,MITF_HUMAN.K562.sem,-3.732303746,K562,12.4871,ENCFF273RVE,ENCFF274YGF,HOCOMOCOv11
MXI1,ENSG00000119950,,P50539,MXI1_HUMAN.H11MO.0.A,MXI1_HUMAN.K562.sem,-1.039492697,K562,9.819434,ENCFF845HTM,ENCFF274YGF,HOCOMOCOv11
MYB,ENSG00000118513,,P10242,MYB_HUMAN.H11MO.0.A,MYB_HUMAN.GM12878.sem,-1.475246581,GM12878,24.69642,ENCFF708UJN,ENCFF759OLD,HOCOMOCOv11
MYC,ENSG00000136997,,P01106,M01154,M01154.sem,-1.294794,HeLa-S3,33.29222,ENCFF928GRQ,ENCFF775GBM,TRANSFAC
MZF1,ENSG00000099326,,P28698,MZF1_HUMAN.H11MO.0.B,MZF1_HUMAN.HEK293.sem,-1.367064209,HEK293,6.803214,ENCFF534KWN,ENCFF285OXK,HOCOMOCOv11
NANOG,ENSG00000111704,,Q9H9S0,NANOG_HUMAN.H11MO.0.A,NANOG_HUMAN.H1.sem,-0.750541521,H1,5.901706,ENCFF926YZX,ENCFF983UCL,HOCOMOCOv11
NEUROD1,ENSG00000162992,,Q13562,NDF1_HUMAN.H11MO.0.A,NDF1_HUMAN.K562.sem,-1.299325944,K562,16.29785,ENCFF112BYB,ENCFF274YGF,HOCOMOCOv11
NFATC3,ENSG00000072736,,Q12968,NFAC3_HUMAN.H11MO.0.B,NFAC3_HUMAN.HepG2.sem,-0.601531821,HepG2,13.00161,ENCFF347JKL,ENCFF897NME,HOCOMOCOv11
NFE2,ENSG00000123405,,Q16621,NFE2_HUMAN.H11MO.0.A,NFE2_HUMAN.K562.sem,-1.813789338,K562,30.92072,ENCFF025UPR,ENCFF274YGF,HOCOMOCOv11
NFE2L2,ENSG00000116044,,Q16236,NF2L2_HUMAN.H11MO.0.A,NF2L2_HUMAN.HepG2.sem,-1.683257687,HepG2,6.897638,ENCFF242DUB,ENCFF897NME,HOCOMOCOv11
NFIA,ENSG00000162599,,Q12857,NFIA_HUMAN.H11MO.0.C,NFIA_HUMAN.HepG2.sem,-1.443971539,HepG2,23.07016,ENCFF653ILK,ENCFF897NME,HOCOMOCOv11
NFIC,ENSG00000141905,,P08651,NFIC_HUMAN.H11MO.0.A,NFIC_HUMAN.GM12878.sem,-0.551111232,GM12878,8.565145,ENCFF128WKR,ENCFF759OLD,HOCOMOCOv11
NFIL3,ENSG00000165030,,Q16649,MA0025.1,MA0025.1.sem,-2.141618,HepG2,36.83355,ENCFF219HSO,ENCFF001UVU,JASPAR
NFKB1,ENSG00000109320,,P19838,MA0105.1,MA0105.1.sem,-1.423196,GM12878,43.55427,ENCFF000VZM,ENCFF097LEF,JASPAR
NFYA,ENSG00000001167,,P23511,NFYA_HUMAN.H11MO.0.A,NFYA_HUMAN.HepG2.sem,-2.602393474,HepG2,43.82674,ENCFF760DXT,ENCFF897NME,HOCOMOCOv11
NFYB,ENSG00000120837,,P25208,NFYB_HUMAN.H11MO.0.A,NFYB_HUMAN.GM12878.sem,-2.7194378,GM12878,71.18716,ENCFF225JEM,ENCFF759OLD,HOCOMOCOv11
NFYC,ENSG00000066136,,Q13952,NFYC_HUMAN.H11MO.0.A,NFYC_HUMAN.HepG2.sem,-2.613345055,HepG2,53.85488,ENCFF679GRM,ENCFF897NME,HOCOMOCOv11
NKX3-1,ENSG00000167034,,Q99801,NKX31_HUMAN.H11MO.0.C,NKX31_HUMAN.HepG2.sem,-0.625212342,HepG2,8.385067,ENCFF127ZER,ENCFF897NME,HOCOMOCOv11
NR2C1,ENSG00000120798,,P13056,NR2C1_HUMAN.H11MO.0.C,NR2C1_HUMAN.GM12878.sem,-1.817171447,GM12878,5.41655,ENCFF986VHR,ENCFF759OLD,HOCOMOCOv11
NR2C2,ENSG00000177463,,P49116,NR2C2_HUMAN.H11MO.0.B,NR2C2_HUMAN.HepG2.sem,-1.887012129,HepG2,6.708113,ENCFF437LQX,ENCFF897NME,HOCOMOCOv11
NR2F1,ENSG00000175745,,P10589,COT1_HUMAN.H11MO.0.C,COT1_HUMAN.GM12878.sem,-1.408188613,GM12878,10.05245,ENCFF006ARY,ENCFF759OLD,HOCOMOCOv11
NR2F2,ENSG00000185551,,P24468,COT2_HUMAN.H11MO.0.A,COT2_HUMAN.MCF-7.sem,-1.422924285,MCF-7,18.56729,ENCFF678MPN,ENCFF835KCG,HOCOMOCOv11
NR3C1,ENSG00000113580,,P04150,GCR_HUMAN.H11MO.0.A,GCR_HUMAN.HepG2.sem,-0.482229883,HepG2,4.923321,ENCFF920TXR,ENCFF897NME,HOCOMOCOv11
NR5A1,ENSG00000136931,,Q13285,STF1_HUMAN.H11MO.0.B,STF1_HUMAN.HepG2.sem,-1.462819605,HepG2,18.32913,ENCFF031EMJ,ENCFF897NME,HOCOMOCOv11
NR5A2,ENSG00000116833,,O00482,NR5A2_HUMAN.H11MO.0.B,NR5A2_HUMAN.A549.sem,-1.384719998,A549,6.532463,ENCFF533JML,ENCFF128ZVL,HOCOMOCOv11
NRF1,ENSG00000106459,,Q16656,NRF1_HUMAN.H11MO.0.A,NRF1_HUMAN.GM12878.sem,-1.91967884,GM12878,69.57521,ENCFF050XKK,ENCFF759OLD,HOCOMOCOv11
ONECUT1,ENSG00000169856,,Q9UBC0,HNF6_HUMAN.H11MO.0.B,HNF6_HUMAN.HepG2.sem,-3.293991452,HepG2,109.5811,ENCFF756PHT,ENCFF897NME,HOCOMOCOv11
OSR2,ENSG00000164920,,Q8N2R0,OSR2_HUMAN.H11MO.0.C,OSR2_HUMAN.HEK293.sem,-0.936272064,HEK293,2.840885,ENCFF330FXV,ENCFF285OXK,HOCOMOCOv11
OTX2,ENSG00000165588,,P32243,OTX2_HUMAN.H11MO.0.A,OTX2_HUMAN.WTC11.sem,-1.876981374,WTC11,13.49852,ENCFF049TPN,ENCFF854DSG,HOCOMOCOv11
OVOL1,ENSG00000172818,,O14753,OVOL1_HUMAN.H11MO.0.C,OVOL1_HUMAN.MCF-7.sem,-2.793565273,MCF-7,7.89852,ENCFF581QQL,ENCFF835KCG,HOCOMOCOv11
PATZ1,ENSG00000100105,,Q9HBE1,M00491,M00491.sem,-0.406399,HEK293,2.97946,ENCFF277HBR,ENCFF910QHN,TRANSFAC
PBX1,ENSG00000185630,,P40424,PBX1_HUMAN.H11MO.0.A,PBX1_HUMAN.A549.sem,-2.670110404,A549,6.35097,ENCFF196AGH,ENCFF128ZVL,HOCOMOCOv11
PBX2,ENSG00000204304,,P40425,PBX2_HUMAN.H11MO.0.C,PBX2_HUMAN.HepG2.sem,-2.331598869,HepG2,13.94676,ENCFF706JVZ,ENCFF897NME,HOCOMOCOv11
PBX3,ENSG00000167081,,P40426,PBX3_HUMAN.H11MO.0.A,PBX3_HUMAN.GM12878.sem,-1.874777706,GM12878,25.09606,ENCFF480ZQT,ENCFF759OLD,HOCOMOCOv11
PKNOX1,ENSG00000160199,,P55347,PKNX1_HUMAN.H11MO.0.B,PKNX1_HUMAN.GM12878.sem,-2.52547576,GM12878,12.84681,ENCFF322NNB,ENCFF759OLD,HOCOMOCOv11
POU2F1,ENSG00000143190,,P14859,PO2F1_HUMAN.H11MO.0.C,PO2F1_HUMAN.HepG2.sem,-0.859515766,HepG2,29.45856,ENCFF862PKO,ENCFF897NME,HOCOMOCOv11
POU2F2,ENSG00000028277,,P09086,PO2F2_HUMAN.H11MO.0.A,PO2F2_HUMAN.GM12878.sem,-1.382369283,GM12878,30.907,ENCFF803HIP,ENCFF759OLD,HOCOMOCOv11
POU5F1,ENSG00000204531,,Q01860,PO5F1_HUMAN.H11MO.0.A,PO5F1_HUMAN.K562.sem,-1.191651276,K562,19.50862,ENCFF259JPA,ENCFF274YGF,HOCOMOCOv11
PPARA,ENSG00000186951,,Q07869,PPARA_HUMAN.H11MO.0.B,PPARA_HUMAN.SK-N-SH.sem,-0.444777022,SK-N-SH,5.004225,ENCFF464QAX,ENCFF752OZB,HOCOMOCOv11
PPARG,ENSG00000132170,,P37231,PPARG_HUMAN.H11MO.0.A,PPARG_HUMAN.HepG2.sem,-0.866122817,HepG2,8.061326,ENCFF712KOW,ENCFF897NME,HOCOMOCOv11
PRDM1,ENSG00000057657,,O75626,PRDM1_HUMAN.H11MO.0.A,PRDM1_HUMAN.HeLa-S3.sem,-1.133658629,HeLa-S3,2.765058,ENCFF083QTE,ENCFF049BHH,HOCOMOCOv11
PRDM6,ENSG00000061455,,Q9NQX0,PRDM6_HUMAN.H11MO.0.C,PRDM6_HUMAN.HEK293.sem,-1.089115351,HEK293,5.959887,ENCFF507BXZ,ENCFF285OXK,HOCOMOCOv11
RBPJ,ENSG00000168214,,Q06330,SUH_HUMAN.H11MO.0.A,SUH_HUMAN.HepG2.sem,-0.461137639,HepG2,9.578823,ENCFF595DEL,ENCFF897NME,HOCOMOCOv11
REL,ENSG00000162924,,Q04864,REL_HUMAN.H11MO.0.B,REL_HUMAN.HepG2.sem,-0.555025146,HepG2,10.50442,ENCFF367AVM,ENCFF897NME,HOCOMOCOv11
RELA,ENSG00000173039,,Q04206,MA0061.1,MA0061.1.sem,-1.430979,GM12878,43.71378,ENCFF000VZM,ENCFF097LEF,JASPAR
RELB,ENSG00000104856,,Q01201,RELB_HUMAN.H11MO.0.C,RELB_HUMAN.GM12878.sem,-0.770433069,GM12878,12.14175,ENCFF936FAN,ENCFF759OLD,HOCOMOCOv11
RFX3,ENSG00000080298,,P48380,RFX3_HUMAN.H11MO.0.B,RFX3_HUMAN.HepG2.sem,-2.285240968,HepG2,18.44994,ENCFF332PUH,ENCFF897NME,HOCOMOCOv11
RUNX1,ENSG00000159216,,Q01196,RUNX1_HUMAN.H11MO.0.A,RUNX1_HUMAN.K562.sem,-1.397316369,K562,10.19561,ENCFF941JUQ,ENCFF274YGF,HOCOMOCOv11
RUNX3,ENSG00000020633,,Q13761,RUNX3_HUMAN.H11MO.0.A,RUNX3_HUMAN.GM12878.sem,-0.807763333,GM12878,28.19032,ENCFF857YLX,ENCFF759OLD,HOCOMOCOv11
RXRA,ENSG00000186350,,P19793,RXRA_1,RXRA_1.sem,-1.052329,HepG2,9.656859,ENCFF484TML,ENCFF001UVU,JOLMA_2013
RXRB,ENSG00000204231,,P28702,RXRB_HUMAN.H11MO.0.C,RXRB_HUMAN.HepG2.sem,-0.621151164,HepG2,7.438833,ENCFF731QER,ENCFF897NME,HOCOMOCOv11
SF1,ENSG00000168066,,Q15637,M00727,M00727.sem,-0.595442,HepG2,4.377592,ENCFF388TRD,ENCFF001UVU,TRANSFAC
SIX1,ENSG00000126778,,Q15475,SIX1_HUMAN.H11MO.0.A,SIX1_HUMAN.HepG2.sem,-1.239239906,HepG2,11.54949,ENCFF592IOO,ENCFF897NME,HOCOMOCOv11
SMAD2,ENSG00000175387,,Q15796,M00792,M00792.sem,-0.333896,K562,5.659908,ENCFF482EDG,ENCFF623AFX,TRANSFAC
SMAD3,ENSG00000166949,,P84022,SMAD3_HUMAN.H11MO.0.B,SMAD3_HUMAN.HepG2.sem,-0.59084686,HepG2,14.86846,ENCFF076TIF,ENCFF897NME,HOCOMOCOv11
SMAD4,ENSG00000141646,,Q13485,SMAD4_HUMAN.H11MO.0.B,SMAD4_HUMAN.WTC11.sem,-0.820972565,WTC11,2.82365,ENCFF442SVC,ENCFF854DSG,HOCOMOCOv11
SMARCA5,ENSG00000153147,,O60264,SMCA5_HUMAN.H11MO.0.C,SMCA5_HUMAN.K562.sem,-0.642772738,K562,4.418591,ENCFF970SIA,ENCFF274YGF,HOCOMOCOv11
SNAI2,ENSG00000019549,,O43623,SNAI2_HUMAN.H11MO.0.A,SNAI2_HUMAN.SK-N-SH.sem,-0.571482274,SK-N-SH,4.293795,ENCFF441UER,ENCFF752OZB,HOCOMOCOv11
SOX13,ENSG00000143842,,Q9UN79,Sox13_pwm_secondary,Sox13_secondary.sem,-1.00001,HepG2,7.183639,ENCFF123GSL,ENCFF001UVU,UNIPROBE
SOX5,ENSG00000134532,,P35711,SOX5_HUMAN.H11MO.0.C,SOX5_HUMAN.HepG2.sem,-0.669088925,HepG2,7.819152,ENCFF190LZC,ENCFF897NME,HOCOMOCOv11
SP1,ENSG00000185591,,P08047,MA0079.2,MA0079.2.sem,-1.327978,HepG2,16.81834,ENCFF388TRD,ENCFF001UVU,JASPAR
SPI1,ENSG00000066336,,P17947,SPI1_HUMAN.H11MO.0.A,SPI1_HUMAN.K562.sem,-1.154266509,K562,8.618689,ENCFF533RNU,ENCFF274YGF,HOCOMOCOv11
SPIB,ENSG00000269404,,Q01892,M01204,M01204.sem,-1.34445,HepG2,17.49551,ENCFF388TRD,ENCFF001UVU,TRANSFAC
SREBF1,ENSG00000072310,,P36956,SRBP1_HUMAN.H11MO.0.A,SRBP1_HUMAN.K562.sem,-1.040483728,K562,10.97928,ENCFF630LBW,ENCFF274YGF,HOCOMOCOv11
SREBF2,ENSG00000198911,,Q12772,M01177,M01177.sem,-0.685413,K562,11.11018,ENCFF361WUX,ENCFF623AFX,TRANSFAC
SRF,ENSG00000112658,,P11831,SRF_HUMAN.H11MO.0.A,SRF_HUMAN.HepG2.sem,-3.584795184,HepG2,35.54794,ENCFF127VDE,ENCFF897NME,HOCOMOCOv11
SRY,ENSG00000184895,,Q05066,SRY_HUMAN.H11MO.0.B,SRY_HUMAN.HepG2.sem,-0.300405192,HepG2,4.423207,ENCFF925DOX,ENCFF897NME,HOCOMOCOv11
STAT1,ENSG00000115415,,P42224,MA0137.2,MA0137.2.sem,-1.506156,HeLa-S3,8.104343,ENCFF000XLN,ENCFF775GBM,JASPAR
STAT1:STAT1,ENSG00000115415,CPX-6048,P42224,M01212,M01212.sem,-1.542875,HeLa-S3,8.066523,ENCFF000XLN,ENCFF775GBM,TRANSFAC
STAT3,ENSG00000168610,,P40763,MA0144.1,MA0144.1.sem,-0.664771,HeLa-S3,6.822343,ENCFF000XLV,ENCFF775GBM,JASPAR
STAT5A,ENSG00000126561,,P42229,M00499,M00499.sem,-1.863909,K562,16.08172,ENCFF199ALJ,ENCFF623AFX,TRANSFAC
STAT5B,ENSG00000173757,,P51692,STA5B_HUMAN.H11MO.0.A,STA5B_HUMAN.HepG2.sem,-0.450866024,HepG2,5.789218,ENCFF415UIB,ENCFF897NME,HOCOMOCOv11
STAT6,ENSG00000166888,,P42226,STAT6_HUMAN.H11MO.0.B,STAT6_HUMAN.HepG2.sem,-0.4493408,HepG2,10.10612,ENCFF625LBD,ENCFF897NME,HOCOMOCOv11
TAF1,ENSG00000147133,,P21675,TAF1_HUMAN.H11MO.0.A,TAF1_HUMAN.MCF-7.sem,-0.452767456,MCF-7,5.146929,ENCFF418WWV,ENCFF835KCG,HOCOMOCOv11
TAL1,ENSG00000162367,,P17542,M00993,M00993.sem,-1.996065,K562,22.33287,ENCFF509LKA,ENCFF623AFX,TRANSFAC
TAL1:TCF3,ENSG00000162367;ENSG00000071564,,P17542;P15923 ,M00065,M00065.sem,-2.189123,K562,25.45827,ENCFF509LKA,ENCFF623AFX,TRANSFAC
TAL1:TCF4,ENSG00000162367;ENSG00000196628,,P17542;P15884,M00070,M00070.sem,-2.269597,K562,25.23976,ENCFF509LKA,ENCFF623AFX,TRANSFAC
TBP,ENSG00000112592,,P20226,MA0108.1,MA0108.1.sem,-1.637526,HepG2,8.813654,ENCFF113DEU,ENCFF001UVU,JASPAR
TBX21,ENSG00000073861,,Q9UL17,TBX21_HUMAN.H11MO.0.A,TBX21_HUMAN.GM12878.sem,-0.771617735,GM12878,6.668191,ENCFF578PIF,ENCFF759OLD,HOCOMOCOv11
TCF12,ENSG00000140262,,Q99081,HTF4_HUMAN.H11MO.0.A,HTF4_HUMAN.GM12878.sem,-1.393023145,GM12878,30.04999,ENCFF429EUS,ENCFF759OLD,HOCOMOCOv11
TCF3,ENSG00000071564,,P15923,TFE2_HUMAN.H11MO.0.A,TFE2_HUMAN.K562.sem,-1.534761,K562,28.82075,ENCFF974XFG,ENCFF274YGF,HOCOMOCOv11
TCF4,ENSG00000196628,,P15884,ITF2_HUMAN.H11MO.0.C,ITF2_HUMAN.SK-N-SH.sem,-0.676860827,SK-N-SH,4.041247,ENCFF667SYW,ENCFF752OZB,HOCOMOCOv11
TCF7,ENSG00000081059,,P36402,TCF7_HUMAN.H11MO.0.A,TCF7_HUMAN.HepG2.sem,-1.183579487,HepG2,8.888375,ENCFF371KMF,ENCFF897NME,HOCOMOCOv11
TCF7L2,ENSG00000148737,,Q9NQB0,TF7L2_HUMAN.H11MO.0.A,TF7L2_HUMAN.K562.sem,-1.964015403,K562,6.356464,ENCFF402ULS,ENCFF274YGF,HOCOMOCOv11
TEAD1,ENSG00000187079,,P28347,TEAD1_HUMAN.H11MO.0.A,TEAD1_HUMAN.HepG2.sem,-0.902893572,HepG2,13.01093,ENCFF909TSN,ENCFF897NME,HOCOMOCOv11
TEAD4,ENSG00000197905,,Q15561,TEAD4_HUMAN.H11MO.0.A,TEAD4_HUMAN.HepG2.sem,-1.239017683,HepG2,15.11554,ENCFF871FXT,ENCFF897NME,HOCOMOCOv11
TFAP2B,ENSG00000008196,,Q92481,AP2B_HUMAN.H11MO.0.B,AP2B_HUMAN.SK-N-SH.sem,-1.161047763,SK-N-SH,6.476702,ENCFF303ORH,ENCFF752OZB,HOCOMOCOv11
TFAP2E,ENSG00000116819,,Q6VUC0,M00915,M00915.sem,-0.91621,HeLa-S3,19.15863,ENCFF000WZF,ENCFF775GBM,TRANSFAC
TFAP4,ENSG00000090447,,Q01664,TFAP4_HUMAN.H11MO.0.A,TFAP4_HUMAN.HepG2.sem,-1.730648921,HepG2,33.96467,ENCFF945ZDJ,ENCFF897NME,HOCOMOCOv11
TFDP1,ENSG00000198176,,Q14186,TFDP1_HUMAN.H11MO.0.C,TFDP1_HUMAN.HepG2.sem,-1.457894089,HepG2,50.84434,ENCFF865WIO,ENCFF897NME,HOCOMOCOv11
TFE3,ENSG00000068323,,P19532,TFE3_HUMAN.H11MO.0.B,TFE3_HUMAN.HepG2.sem,-1.429942224,HepG2,33.47663,ENCFF780NMQ,ENCFF897NME,HOCOMOCOv11
TGIF2,ENSG00000118707,,Q9GZN2,M00418,M00418.sem,-0.376463,HepG2,5.053312,ENCFF471AEV,ENCFF001UVU,TRANSFAC
THRA,ENSG00000126351,,P10827,THA_HUMAN.H11MO.0.C,THA_HUMAN.HepG2.sem,-0.643097807,HepG2,8.194443,ENCFF862KEA,ENCFF897NME,HOCOMOCOv11
USF1,ENSG00000158773,,P22415,USF1_HUMAN.H11MO.0.A,USF1_HUMAN.HepG2.sem,-2.677162254,HepG2,60.91657,ENCFF143IEG,ENCFF897NME,HOCOMOCOv11
YY1,ENSG00000100811,,P25490,TYY1_HUMAN.H11MO.0.A,TYY1_HUMAN.HepG2.sem,-1.568016626,HepG2,22.57896,ENCFF637BBW,ENCFF897NME,HOCOMOCOv11
ZBTB14,ENSG00000198081,,O43829,ZBT14_HUMAN.H11MO.0.C,ZBT14_HUMAN.HepG2.sem,-1.858073265,HepG2,40.08481,ENCFF471QTZ,ENCFF897NME,HOCOMOCOv11
ZBTB33,ENSG00000177485,,Q86T24,KAISO_HUMAN.H11MO.0.A,KAISO_HUMAN.GM12878.sem,-4.37558358,GM12878,77.42509,ENCFF960CUQ,ENCFF759OLD,HOCOMOCOv11
ZBTB48,ENSG00000204859,,P10074,ZBT48_HUMAN.H11MO.0.C,ZBT48_HUMAN.HEK293.sem,-1.279073845,HEK293,6.49367,ENCFF633BJP,ENCFF285OXK,HOCOMOCOv11
ZBTB7A,ENSG00000178951,,O95365,ZBT7A_HUMAN.H11MO.0.A,ZBT7A_HUMAN.HepG2.sem,-0.405599991,HepG2,3.684286,ENCFF439DRT,ENCFF897NME,HOCOMOCOv11
ZEB1,ENSG00000148516,,P37275,M00415,M00415.sem,-0.553633,HepG2,16.13514,ENCFF000PTG,ENCFF001UVU,TRANSFAC
ZFX,ENSG00000005889,,P17010,ZFX_HUMAN.H11MO.0.A,ZFX_HUMAN.HepG2.sem,-0.247871712,HepG2,3.443155,ENCFF329DCV,ENCFF897NME,HOCOMOCOv11
ZNF18,ENSG00000154957,,P17022,ZNF18_HUMAN.H11MO.0.C,ZNF18_HUMAN.HEK293.sem,-1.645952884,HEK293,3.793244,ENCFF888BHA,ENCFF285OXK,HOCOMOCOv11
ZNF217,ENSG00000171940,,O75362,M01306,M01306.sem,-0.459624,GM12878,2.843803,ENCFF807UJN,ENCFF097LEF,TRANSFAC
ZNF281,ENSG00000162702,,Q9Y2X9,ZN281_HUMAN.H11MO.0.A,ZN281_HUMAN.HepG2.sem,-0.392614961,HepG2,3.428189,ENCFF948PYK,ENCFF897NME,HOCOMOCOv11
ZSCAN4,ENSG00000180532,,Q8NAM6,Zscan4_pwm_secondary,ZSCAN4_secondary.sem,-2.911018,HEK293,11.97369,ENCFF485WHZ,ENCFF910QHN,UNIPROBE
